# gpu=Tesla T4, cc=7.5, driver=13.0, toolkit=12.8, peak_theoretical_gbps=320.1
pattern,stride,n,time_ms,gbps,pct_of_peak
coalesced,1,67108864,2.21184,242.73,100.0
strided,2,67108864,6.14528,87.36,36.0
strided,4,67108864,12.78794,41.98,17.3
strided,8,67108864,26.67883,20.12,8.3
strided,16,67108864,37.70243,14.24,5.9
strided,32,67108864,55.92999,9.60,4.0
strided,64,67108864,76.96349,6.98,2.9
strided,128,67108864,83.84666,6.40,2.6
random,0,67108864,37.28117,14.40,5.9
