# gpu=Tesla T4, cc=7.5, driver=13.0, toolkit=12.8
knob,block,smem_bytes,active_warps_per_sm,occupancy,time_ms,gbps
block,32,0,16,0.500,2.96165,181.27
block,64,0,32,1.000,2.91758,184.01
block,128,0,32,1.000,2.90405,184.87
block,256,0,32,1.000,2.92864,183.32
block,512,0,32,1.000,2.90963,184.52
block,1024,0,32,1.000,2.94918,182.04
smem,256,65536,8,0.250,3.39187,158.28
smem,256,32768,16,0.500,2.87336,186.84
smem,256,0,32,1.000,2.92762,183.38
